subject,region,grade_class,year,grade,degree_type
哲学,A类,总分,2005,310,学硕
哲学,A类,单科=100分,2005,47,学硕
哲学,A类,单科>100分,2005,71,学硕
哲学,B类,总分,2005,305,学硕
哲学,B类,单科=100分,2005,45,学硕
哲学,B类,单科>100分,2005,68,学硕
哲学,A类,总分,2006,305,学硕
哲学,A类,单科=100分,2006,46,学硕
哲学,A类,单科>100分,2006,69,学硕
哲学,B类,总分,2006,300,学硕
哲学,B类,单科=100分,2006,44,学硕
哲学,B类,单科>100分,2006,66,学硕
哲学,A类,总分,2007,305,学硕
哲学,A类,单科=100分,2007,46,学硕
哲学,A类,单科>100分,2007,69,学硕
哲学,B类,总分,2007,300,学硕
哲学,B类,单科=100分,2007,44,学硕
哲学,B类,单科>100分,2007,66,学硕
哲学,A类,总分,2008,295,学硕
哲学,A类,单科=100分,2008,41,学硕
哲学,A类,单科>100分,2008,62,学硕
哲学,B类,总分,2008,285,学硕
哲学,B类,单科=100分,2008,37,学硕
哲学,B类,单科>100分,2008,56,学硕
哲学,A类,总分,2009,280,学硕
哲学,A类,单科=100分,2009,37,学硕
哲学,A类,单科>100分,2009,56,学硕
哲学,B类,总分,2009,270,学硕
哲学,B类,单科=100分,2009,34,学硕
哲学,B类,单科>100分,2009,51,学硕
哲学,A类,总分,2010,270,学硕
哲学,A类,单科=100分,2010,36,学硕
哲学,A类,单科>100分,2010,54,学硕
哲学,B类,总分,2010,260,学硕
哲学,B类,单科=100分,2010,33,学硕
哲学,B类,单科>100分,2010,50,学硕
哲学,A类,总分,2011,295,学硕
哲学,A类,单科=100分,2011,40,学硕
哲学,A类,单科>100分,2011,60,学硕
哲学,B类,总分,2011,285,学硕
哲学,B类,单科=100分,2011,38,学硕
哲学,B类,单科>100分,2011,57,学硕
哲学,A类,总分,2012,290,学硕
哲学,A类,单科=100分,2012,38,学硕
哲学,A类,单科>100分,2012,57,学硕
哲学,B类,总分,2012,280,学硕
哲学,B类,单科=100分,2012,35,学硕
哲学,B类,单科>100分,2012,53,学硕
哲学,A类,总分,2013,280,学硕
哲学,A类,单科=100分,2013,38,学硕
哲学,A类,单科>100分,2013,57,学硕
哲学,B类,总分,2013,270,学硕
哲学,B类,单科=100分,2013,35,学硕
哲学,B类,单科>100分,2013,53,学硕
哲学,A类,总分,2014,290,学硕
哲学,A类,单科=100分,2014,40,学硕
哲学,A类,单科>100分,2014,60,学硕
哲学,B类,总分,2014,280,学硕
哲学,B类,单科=100分,2014,37,学硕
哲学,B类,单科>100分,2014,56,学硕
哲学,A类,总分,2015,280,学硕
哲学,A类,单科=100分,2015,37,学硕
哲学,A类,单科>100分,2015,56,学硕
哲学,B类,总分,2015,270,学硕
哲学,B类,单科=100分,2015,34,学硕
哲学,B类,单科>100分,2015,51,学硕
哲学,A类,总分,2016,280,学硕
哲学,A类,单科=100分,2016,36,学硕
哲学,A类,单科>100分,2016,54,学硕
哲学,B类,总分,2016,270,学硕
哲学,B类,单科=100分,2016,33,学硕
哲学,B类,单科>100分,2016,50,学硕
哲学,A类,总分,2017,285,学硕
哲学,A类,单科=100分,2017,38,学硕
哲学,A类,单科>100分,2017,57,学硕
哲学,B类,总分,2017,275,学硕
哲学,B类,单科=100分,2017,35,学硕
哲学,B类,单科>100分,2017,53,学硕
哲学,A类,总分,2018,280,学硕
哲学,A类,单科=100分,2018,39,学硕
哲学,A类,单科>100分,2018,59,学硕
哲学,B类,总分,2018,270,学硕
哲学,B类,单科=100分,2018,36,学硕
哲学,B类,单科>100分,2018,54,学硕
哲学,A类,总分,2019,295,学硕
哲学,A类,单科=100分,2019,42,学硕
哲学,A类,单科>100分,2019,63,学硕
哲学,B类,总分,2019,285,学硕
哲学,B类,单科=100分,2019,39,学硕
哲学,B类,单科>100分,2019,59,学硕
哲学,A类,总分,2020,300,学硕
哲学,A类,单科=100分,2020,42,学硕
哲学,A类,单科>100分,2020,63,学硕
哲学,B类,总分,2020,290,学硕
哲学,B类,单科=100分,2020,39,学硕
哲学,B类,单科>100分,2020,59,学硕
经济学,A类,总分,2005,335,学硕
经济学,A类,单科=100分,2005,53,学硕
经济学,A类,单科>100分,2005,80,学硕
经济学,B类,总分,2005,325,学硕
经济学,B类,单科=100分,2005,51,学硕
经济学,B类,单科>100分,2005,77,学硕
经济学,A类,总分,2006,340,学硕
经济学,A类,单科=100分,2006,56,学硕
经济学,A类,单科>100分,2006,84,学硕
经济学,B类,总分,2006,330,学硕
经济学,B类,单科=100分,2006,54,学硕
经济学,B类,单科>100分,2006,81,学硕
经济学,A类,总分,2007,325,学硕
经济学,A类,单科=100分,2007,53,学硕
经济学,A类,单科>100分,2007,80,学硕
经济学,B类,总分,2007,320,学硕
经济学,B类,单科=100分,2007,51,学硕
经济学,B类,单科>100分,2007,77,学硕
经济学,A类,总分,2008,335,学硕
经济学,A类,单科=100分,2008,54,学硕
经济学,A类,单科>100分,2008,81,学硕
经济学,B类,总分,2008,325,学硕
经济学,B类,单科=100分,2008,50,学硕
经济学,B类,单科>100分,2008,75,学硕
经济学,A类,总分,2009,315,学硕
经济学,A类,单科=100分,2009,47,学硕
经济学,A类,单科>100分,2009,71,学硕
经济学,B类,总分,2009,305,学硕
经济学,B类,单科=100分,2009,44,学硕
经济学,B类,单科>100分,2009,66,学硕
经济学,A类,总分,2010,330,学硕
经济学,A类,单科=100分,2010,46,学硕
经济学,A类,单科>100分,2010,69,学硕
经济学,B类,总分,2010,320,学硕
经济学,B类,单科=100分,2010,43,学硕
经济学,B类,单科>100分,2010,65,学硕
经济学,A类,总分,2011,350,学硕
经济学,A类,单科=100分,2011,55,学硕
经济学,A类,单科>100分,2011,83,学硕
经济学,B类,总分,2011,340,学硕
经济学,B类,单科=100分,2011,53,学硕
经济学,B类,单科>100分,2011,80,学硕
经济学,A类,总分,2012,340,学硕
经济学,A类,单科=100分,2012,50,学硕
经济学,A类,单科>100分,2012,75,学硕
经济学,B类,总分,2012,330,学硕
经济学,B类,单科=100分,2012,47,学硕
经济学,B类,单科>100分,2012,71,学硕
经济学,A类,总分,2013,340,学硕
经济学,A类,单科=100分,2013,49,学硕
经济学,A类,单科>100分,2013,74,学硕
经济学,B类,总分,2013,330,学硕
经济学,B类,单科=100分,2013,46,学硕
经济学,B类,单科>100分,2013,69,学硕
经济学,A类,总分,2014,330,学硕
经济学,A类,单科=100分,2014,45,学硕
经济学,A类,单科>100分,2014,68,学硕
经济学,B类,总分,2014,320,学硕
经济学,B类,单科=100分,2014,42,学硕
经济学,B类,单科>100分,2014,63,学硕
经济学,A类,总分,2015,330,学硕
经济学,A类,单科=100分,2015,45,学硕
经济学,A类,单科>100分,2015,68,学硕
经济学,B类,总分,2015,320,学硕
经济学,B类,单科=100分,2015,42,学硕
经济学,B类,单科>100分,2015,63,学硕
经济学,A类,总分,2016,325,学硕
经济学,A类,单科=100分,2016,45,学硕
经济学,A类,单科>100分,2016,68,学硕
经济学,B类,总分,2016,315,学硕
经济学,B类,单科=100分,2016,42,学硕
经济学,B类,单科>100分,2016,63,学硕
经济学,A类,总分,2017,335,学硕
经济学,A类,单科=100分,2017,46,学硕
经济学,A类,单科>100分,2017,69,学硕
经济学,B类,总分,2017,325,学硕
经济学,B类,单科=100分,2017,43,学硕
经济学,B类,单科>100分,2017,65,学硕
经济学,A类,总分,2018,330,学硕
经济学,A类,单科=100分,2018,44,学硕
经济学,A类,单科>100分,2018,66,学硕
经济学,B类,总分,2018,320,学硕
经济学,B类,单科=100分,2018,41,学硕
经济学,B类,单科>100分,2018,62,学硕
经济学,A类,总分,2019,345,学硕
经济学,A类,单科=100分,2019,49,学硕
经济学,A类,单科>100分,2019,74,学硕
经济学,B类,总分,2019,335,学硕
经济学,B类,单科=100分,2019,46,学硕
经济学,B类,单科>100分,2019,69,学硕
经济学,A类,总分,2020,343,学硕
经济学,A类,单科=100分,2020,48,学硕
经济学,A类,单科>100分,2020,72,学硕
经济学,B类,总分,2020,333,学硕
经济学,B类,单科=100分,2020,45,学硕
经济学,B类,单科>100分,2020,68,学硕
法学,A类,总分,2005,340,学硕
法学,A类,单科=100分,2005,55,学硕
法学,A类,单科>100分,2005,83,学硕
法学,B类,总分,2005,335,学硕
法学,B类,单科=100分,2005,53,学硕
法学,B类,单科>100分,2005,80,学硕
法学,A类,总分,2006,340,学硕
法学,A类,单科=100分,2006,55,学硕
法学,A类,单科>100分,2006,83,学硕
法学,B类,总分,2006,335,学硕
法学,B类,单科=100分,2006,53,学硕
法学,B类,单科>100分,2006,80,学硕
法学,A类,总分,2007,335,学硕
法学,A类,单科=100分,2007,53,学硕
法学,A类,单科>100分,2007,80,学硕
法学,B类,总分,2007,330,学硕
法学,B类,单科=100分,2007,51,学硕
法学,B类,单科>100分,2007,77,学硕
法学,A类,总分,2008,330,学硕
法学,A类,单科=100分,2008,53,学硕
法学,A类,单科>100分,2008,80,学硕
法学,B类,总分,2008,320,学硕
法学,B类,单科=100分,2008,49,学硕
法学,B类,单科>100分,2008,74,学硕
法学,A类,总分,2009,315,学硕
法学,A类,单科=100分,2009,46,学硕
法学,A类,单科>100分,2009,69,学硕
法学,B类,总分,2009,305,学硕
法学,B类,单科=100分,2009,43,学硕
法学,B类,单科>100分,2009,65,学硕
法学,A类,总分,2010,310,学硕
法学,A类,单科=100分,2010,43,学硕
法学,A类,单科>100分,2010,65,学硕
法学,B类,总分,2010,300,学硕
法学,B类,单科=100分,2010,40,学硕
法学,B类,单科>100分,2010,60,学硕
法学,A类,总分,2011,325,学硕
法学,A类,单科=100分,2011,45,学硕
法学,A类,单科>100分,2011,68,学硕
法学,B类,总分,2011,315,学硕
法学,B类,单科=100分,2011,43,学硕
法学,B类,单科>100分,2011,65,学硕
法学,A类,总分,2012,315,学硕
法学,A类,单科=100分,2012,42,学硕
法学,A类,单科>100分,2012,63,学硕
法学,B类,总分,2012,305,学硕
法学,B类,单科=100分,2012,39,学硕
法学,B类,单科>100分,2012,59,学硕
法学,A类,总分,2013,315,学硕
法学,A类,单科=100分,2013,42,学硕
法学,A类,单科>100分,2013,63,学硕
法学,B类,总分,2013,305,学硕
法学,B类,单科=100分,2013,39,学硕
法学,B类,单科>100分,2013,59,学硕
法学,A类,总分,2014,315,学硕
法学,A类,单科=100分,2014,44,学硕
法学,A类,单科>100分,2014,66,学硕
法学,B类,总分,2014,305,学硕
法学,B类,单科=100分,2014,41,学硕
法学,B类,单科>100分,2014,62,学硕
法学,A类,总分,2015,300,学硕
法学,A类,单科=100分,2015,42,学硕
法学,A类,单科>100分,2015,63,学硕
法学,B类,总分,2015,290,学硕
法学,B类,单科=100分,2015,39,学硕
法学,B类,单科>100分,2015,59,学硕
法学,A类,总分,2016,315,学硕
法学,A类,单科=100分,2016,45,学硕
法学,A类,单科>100分,2016,68,学硕
法学,B类,总分,2016,305,学硕
法学,B类,单科=100分,2016,42,学硕
法学,B类,单科>100分,2016,63,学硕
法学,A类,总分,2017,310,学硕
法学,A类,单科=100分,2017,44,学硕
法学,A类,单科>100分,2017,66,学硕
法学,B类,总分,2017,300,学硕
法学,B类,单科=100分,2017,41,学硕
法学,B类,单科>100分,2017,62,学硕
法学,A类,总分,2018,315,学硕
法学,A类,单科=100分,2018,42,学硕
法学,A类,单科>100分,2018,63,学硕
法学,B类,总分,2018,305,学硕
法学,B类,单科=100分,2018,39,学硕
法学,B类,单科>100分,2018,59,学硕
法学,A类,总分,2019,320,学硕
法学,A类,单科=100分,2019,44,学硕
法学,A类,单科>100分,2019,66,学硕
法学,B类,总分,2019,310,学硕
法学,B类,单科=100分,2019,41,学硕
法学,B类,单科>100分,2019,62,学硕
法学,A类,总分,2020,325,学硕
法学,A类,单科=100分,2020,46,学硕
法学,A类,单科>100分,2020,69,学硕
法学,B类,总分,2020,315,学硕
法学,B类,单科=100分,2020,43,学硕
法学,B类,单科>100分,2020,65,学硕
教育学,A类,总分,2005,325,学硕
教育学,A类,单科=100分,2005,53,学硕
教育学,A类,单科>100分,2005,80,学硕
教育学,B类,总分,2005,320,学硕
教育学,B类,单科=100分,2005,51,学硕
教育学,B类,单科>100分,2005,77,学硕
教育学,A类,总分,2006,325,学硕
教育学,A类,单科=100分,2006,53,学硕
教育学,A类,单科>100分,2006,80,学硕
教育学,B类,总分,2006,320,学硕
教育学,B类,单科=100分,2006,51,学硕
教育学,B类,单科>100分,2006,77,学硕
教育学,A类,总分,2007,305,学硕
教育学,A类,单科=100分,2007,50,学硕
教育学,A类,单科>100分,2007,150,学硕
教育学,B类,总分,2007,300,学硕
教育学,B类,单科=100分,2007,48,学硕
教育学,B类,单科>100分,2007,144,学硕
教育学,A类,总分,2008,310,学硕
教育学,A类,单科=100分,2008,49,学硕
教育学,A类,单科>100分,2008,147,学硕
教育学,B类,总分,2008,300,学硕
教育学,B类,单科=100分,2008,45,学硕
教育学,B类,单科>100分,2008,135,学硕
教育学,A类,总分,2009,300,学硕
教育学,A类,单科=100分,2009,42,学硕
教育学,A类,单科>100分,2009,126,学硕
教育学,B类,总分,2009,290,学硕
教育学,B类,单科=100分,2009,39,学硕
教育学,B类,单科>100分,2009,117,学硕
教育学,A类,总分,2010,310,学硕
教育学,A类,单科=100分,2010,41,学硕
教育学,A类,单科>100分,2010,123,学硕
教育学,B类,总分,2010,300,学硕
教育学,B类,单科=100分,2010,38,学硕
教育学,B类,单科>100分,2010,114,学硕
教育学,A类,总分,2011,305,学硕
教育学,A类,单科=100分,2011,40,学硕
教育学,A类,单科>100分,2011,120,学硕
教育学,B类,总分,2011,295,学硕
教育学,B类,单科=100分,2011,38,学硕
教育学,B类,单科>100分,2011,114,学硕
教育学,A类,总分,2012,300,学硕
教育学,A类,单科=100分,2012,40,学硕
教育学,A类,单科>100分,2012,120,学硕
教育学,B类,总分,2012,290,学硕
教育学,B类,单科=100分,2012,37,学硕
教育学,B类,单科>100分,2012,111,学硕
教育学,A类,总分,2013,310,学硕
教育学,A类,单科=100分,2013,40,学硕
教育学,A类,单科>100分,2013,120,学硕
教育学,B类,总分,2013,300,学硕
教育学,B类,单科=100分,2013,37,学硕
教育学,B类,单科>100分,2013,111,学硕
教育学,A类,总分,2014,315,学硕
教育学,A类,单科=100分,2014,42,学硕
教育学,A类,单科>100分,2014,126,学硕
教育学,B类,总分,2014,305,学硕
教育学,B类,单科=100分,2014,39,学硕
教育学,B类,单科>100分,2014,117,学硕
教育学,A类,总分,2015,320,学硕
教育学,A类,单科=100分,2015,44,学硕
教育学,A类,单科>100分,2015,132,学硕
教育学,B类,总分,2015,310,学硕
教育学,B类,单科=100分,2015,41,学硕
教育学,B类,单科>100分,2015,123,学硕
教育学,A类,总分,2016,320,学硕
教育学,A类,单科=100分,2016,45,学硕
教育学,A类,单科>100分,2016,135,学硕
教育学,B类,总分,2016,310,学硕
教育学,B类,单科=100分,2016,42,学硕
教育学,B类,单科>100分,2016,126,学硕
教育学,A类,总分,2017,310,学硕
教育学,A类,单科=100分,2017,44,学硕
教育学,A类,单科>100分,2017,132,学硕
教育学,B类,总分,2017,300,学硕
教育学,B类,单科=100分,2017,41,学硕
教育学,B类,单科>100分,2017,123,学硕
教育学,A类,总分,2018,320,学硕
教育学,A类,单科=100分,2018,44,学硕
教育学,A类,单科>100分,2018,132,学硕
教育学,B类,总分,2018,310,学硕
教育学,B类,单科=100分,2018,41,学硕
教育学,B类,单科>100分,2018,123,学硕
教育学,A类,总分,2019,325,学硕
教育学,A类,单科=100分,2019,44,学硕
教育学,A类,单科>100分,2019,132,学硕
教育学,B类,总分,2019,315,学硕
教育学,B类,单科=100分,2019,41,学硕
教育学,B类,单科>100分,2019,123,学硕
教育学,A类,总分,2020,331,学硕
教育学,A类,单科=100分,2020,46,学硕
教育学,A类,单科>100分,2020,138,学硕
教育学,B类,总分,2020,321,学硕
教育学,B类,单科=100分,2020,43,学硕
教育学,B类,单科>100分,2020,129,学硕
文学,A类,总分,2005,350,学硕
文学,A类,单科=100分,2005,55,学硕
文学,A类,单科>100分,2005,83,学硕
文学,B类,总分,2005,345,学硕
文学,B类,单科=100分,2005,53,学硕
文学,B类,单科>100分,2005,80,学硕
文学,A类,总分,2006,350,学硕
文学,A类,单科=100分,2006,57,学硕
文学,A类,单科>100分,2006,86,学硕
文学,B类,总分,2006,345,学硕
文学,B类,单科=100分,2006,55,学硕
文学,B类,单科>100分,2006,83,学硕
文学,A类,总分,2007,350,学硕
文学,A类,单科=100分,2007,55,学硕
文学,A类,单科>100分,2007,83,学硕
文学,B类,总分,2007,345,学硕
文学,B类,单科=100分,2007,53,学硕
文学,B类,单科>100分,2007,80,学硕
文学,A类,总分,2008,350,学硕
文学,A类,单科=100分,2008,57,学硕
文学,A类,单科>100分,2008,86,学硕
文学,B类,总分,2008,340,学硕
文学,B类,单科=100分,2008,53,学硕
文学,B类,单科>100分,2008,80,学硕
文学,A类,总分,2009,340,学硕
文学,A类,单科=100分,2009,51,学硕
文学,A类,单科>100分,2009,77,学硕
文学,B类,总分,2009,330,学硕
文学,B类,单科=100分,2009,48,学硕
文学,B类,单科>100分,2009,72,学硕
文学,A类,总分,2010,345,学硕
文学,A类,单科=100分,2010,50,学硕
文学,A类,单科>100分,2010,75,学硕
文学,B类,总分,2010,335,学硕
文学,B类,单科=100分,2010,47,学硕
文学,B类,单科>100分,2010,71,学硕
文学,A类,总分,2011,355,学硕
文学,A类,单科=100分,2011,55,学硕
文学,A类,单科>100分,2011,83,学硕
文学,B类,总分,2011,345,学硕
文学,B类,单科=100分,2011,53,学硕
文学,B类,单科>100分,2011,80,学硕
文学,A类,总分,2012,345,学硕
文学,A类,单科=100分,2012,52,学硕
文学,A类,单科>100分,2012,78,学硕
文学,B类,总分,2012,335,学硕
文学,B类,单科=100分,2012,49,学硕
文学,B类,单科>100分,2012,74,学硕
文学,A类,总分,2013,350,学硕
文学,A类,单科=100分,2013,54,学硕
文学,A类,单科>100分,2013,81,学硕
文学,B类,总分,2013,340,学硕
文学,B类,单科=100分,2013,51,学硕
文学,B类,单科>100分,2013,77,学硕
文学,A类,总分,2014,350,学硕
文学,A类,单科=100分,2014,55,学硕
文学,A类,单科>100分,2014,83,学硕
文学,B类,总分,2014,340,学硕
文学,B类,单科=100分,2014,52,学硕
文学,B类,单科>100分,2014,78,学硕
文学,A类,总分,2015,345,学硕
文学,A类,单科=100分,2015,52,学硕
文学,A类,单科>100分,2015,78,学硕
文学,B类,总分,2015,335,学硕
文学,B类,单科=100分,2015,49,学硕
文学,B类,单科>100分,2015,74,学硕
文学,A类,总分,2016,350,学硕
文学,A类,单科=100分,2016,53,学硕
文学,A类,单科>100分,2016,80,学硕
文学,B类,总分,2016,340,学硕
文学,B类,单科=100分,2016,50,学硕
文学,B类,单科>100分,2016,75,学硕
文学,A类,总分,2017,345,学硕
文学,A类,单科=100分,2017,53,学硕
文学,A类,单科>100分,2017,80,学硕
文学,B类,总分,2017,335,学硕
文学,B类,单科=100分,2017,50,学硕
文学,B类,单科>100分,2017,75,学硕
文学,A类,总分,2018,345,学硕
文学,A类,单科=100分,2018,55,学硕
文学,A类,单科>100分,2018,83,学硕
文学,B类,总分,2018,335,学硕
文学,B类,单科=100分,2018,52,学硕
文学,B类,单科>100分,2018,78,学硕
文学,A类,总分,2019,355,学硕
文学,A类,单科=100分,2019,51,学硕
文学,A类,单科>100分,2019,77,学硕
文学,B类,总分,2019,345,学硕
文学,B类,单科=100分,2019,48,学硕
文学,B类,单科>100分,2019,72,学硕
文学,A类,总分,2020,355,学硕
文学,A类,单科=100分,2020,52,学硕
文学,A类,单科>100分,2020,78,学硕
文学,B类,总分,2020,345,学硕
文学,B类,单科=100分,2020,49,学硕
文学,B类,单科>100分,2020,74,学硕
历史学,A类,总分,2005,315,学硕
历史学,A类,单科=100分,2005,48,学硕
历史学,A类,单科>100分,2005,72,学硕
历史学,B类,总分,2005,310,学硕
历史学,B类,单科=100分,2005,46,学硕
历史学,B类,单科>100分,2005,69,学硕
历史学,A类,总分,2006,315,学硕
历史学,A类,单科=100分,2006,48,学硕
历史学,A类,单科>100分,2006,72,学硕
历史学,B类,总分,2006,310,学硕
历史学,B类,单科=100分,2006,46,学硕
历史学,B类,单科>100分,2006,69,学硕
历史学,A类,总分,2007,290,学硕
历史学,A类,单科=100分,2007,41,学硕
历史学,A类,单科>100分,2007,123,学硕
历史学,B类,总分,2007,285,学硕
历史学,B类,单科=100分,2007,39,学硕
历史学,B类,单科>100分,2007,117,学硕
历史学,A类,总分,2008,280,学硕
历史学,A类,单科=100分,2008,39,学硕
历史学,A类,单科>100分,2008,117,学硕
历史学,B类,总分,2008,270,学硕
历史学,B类,单科=100分,2008,35,学硕
历史学,B类,单科>100分,2008,105,学硕
历史学,A类,总分,2009,290,学硕
历史学,A类,单科=100分,2009,40,学硕
历史学,A类,单科>100分,2009,120,学硕
历史学,B类,总分,2009,280,学硕
历史学,B类,单科=100分,2009,37,学硕
历史学,B类,单科>100分,2009,111,学硕
历史学,A类,总分,2010,275,学硕
历史学,A类,单科=100分,2010,36,学硕
历史学,A类,单科>100分,2010,108,学硕
历史学,B类,总分,2010,265,学硕
历史学,B类,单科=100分,2010,33,学硕
历史学,B类,单科>100分,2010,99,学硕
历史学,A类,总分,2011,295,学硕
历史学,A类,单科=100分,2011,40,学硕
历史学,A类,单科>100分,2011,120,学硕
历史学,B类,总分,2011,285,学硕
历史学,B类,单科=100分,2011,38,学硕
历史学,B类,单科>100分,2011,114,学硕
历史学,A类,总分,2012,285,学硕
历史学,A类,单科=100分,2012,38,学硕
历史学,A类,单科>100分,2012,114,学硕
历史学,B类,总分,2012,275,学硕
历史学,B类,单科=100分,2012,35,学硕
历史学,B类,单科>100分,2012,105,学硕
历史学,A类,总分,2013,295,学硕
历史学,A类,单科=100分,2013,40,学硕
历史学,A类,单科>100分,2013,120,学硕
历史学,B类,总分,2013,285,学硕
历史学,B类,单科=100分,2013,37,学硕
历史学,B类,单科>100分,2013,111,学硕
历史学,A类,总分,2014,310,学硕
历史学,A类,单科=100分,2014,42,学硕
历史学,A类,单科>100分,2014,126,学硕
历史学,B类,总分,2014,300,学硕
历史学,B类,单科=100分,2014,39,学硕
历史学,B类,单科>100分,2014,117,学硕
历史学,A类,总分,2015,300,学硕
历史学,A类,单科=100分,2015,42,学硕
历史学,A类,单科>100分,2015,126,学硕
历史学,B类,总分,2015,290,学硕
历史学,B类,单科=100分,2015,39,学硕
历史学,B类,单科>100分,2015,117,学硕
历史学,A类,总分,2016,315,学硕
历史学,A类,单科=100分,2016,44,学硕
历史学,A类,单科>100分,2016,132,学硕
历史学,B类,总分,2016,305,学硕
历史学,B类,单科=100分,2016,41,学硕
历史学,B类,单科>100分,2016,123,学硕
历史学,A类,总分,2017,315,学硕
历史学,A类,单科=100分,2017,45,学硕
历史学,A类,单科>100分,2017,135,学硕
历史学,B类,总分,2017,305,学硕
历史学,B类,单科=100分,2017,42,学硕
历史学,B类,单科>100分,2017,126,学硕
历史学,A类,总分,2018,315,学硕
历史学,A类,单科=100分,2018,43,学硕
历史学,A类,单科>100分,2018,129,学硕
历史学,B类,总分,2018,305,学硕
历史学,B类,单科=100分,2018,40,学硕
历史学,B类,单科>100分,2018,120,学硕
历史学,A类,总分,2019,325,学硕
历史学,A类,单科=100分,2019,44,学硕
历史学,A类,单科>100分,2019,132,学硕
历史学,B类,总分,2019,315,学硕
历史学,B类,单科=100分,2019,41,学硕
历史学,B类,单科>100分,2019,123,学硕
历史学,A类,总分,2020,324,学硕
历史学,A类,单科=100分,2020,44,学硕
历史学,A类,单科>100分,2020,132,学硕
历史学,B类,总分,2020,314,学硕
历史学,B类,单科=100分,2020,41,学硕
历史学,B类,单科>100分,2020,123,学硕
理学,A类,总分,2005,305,学硕
理学,A类,单科=100分,2005,47,学硕
理学,A类,单科>100分,2005,71,学硕
理学,B类,总分,2005,300,学硕
理学,B类,单科=100分,2005,45,学硕
理学,B类,单科>100分,2005,68,学硕
理学,A类,总分,2006,305,学硕
理学,A类,单科=100分,2006,46,学硕
理学,A类,单科>100分,2006,69,学硕
理学,B类,总分,2006,300,学硕
理学,B类,单科=100分,2006,44,学硕
理学,B类,单科>100分,2006,66,学硕
理学,A类,总分,2007,305,学硕
理学,A类,单科=100分,2007,49,学硕
理学,A类,单科>100分,2007,74,学硕
理学,B类,总分,2007,300,学硕
理学,B类,单科=100分,2007,47,学硕
理学,B类,单科>100分,2007,71,学硕
理学,A类,总分,2008,300,学硕
理学,A类,单科=100分,2008,47,学硕
理学,A类,单科>100分,2008,71,学硕
理学,B类,总分,2008,290,学硕
理学,B类,单科=100分,2008,43,学硕
理学,B类,单科>100分,2008,65,学硕
理学,A类,总分,2009,280,学硕
理学,A类,单科=100分,2009,38,学硕
理学,A类,单科>100分,2009,57,学硕
理学,B类,总分,2009,270,学硕
理学,B类,单科=100分,2009,35,学硕
理学,B类,单科>100分,2009,53,学硕
理学,A类,总分,2010,280,学硕
理学,A类,单科=100分,2010,37,学硕
理学,A类,单科>100分,2010,56,学硕
理学,B类,总分,2010,270,学硕
理学,B类,单科=100分,2010,34,学硕
理学,B类,单科>100分,2010,51,学硕
理学,A类,总分,2011,295,学硕
理学,A类,单科=100分,2011,40,学硕
理学,A类,单科>100分,2011,60,学硕
理学,B类,总分,2011,285,学硕
理学,B类,单科=100分,2011,38,学硕
理学,B类,单科>100分,2011,57,学硕
理学,A类,总分,2012,290,学硕
理学,A类,单科=100分,2012,38,学硕
理学,A类,单科>100分,2012,57,学硕
理学,B类,总分,2012,280,学硕
理学,B类,单科=100分,2012,35,学硕
理学,B类,单科>100分,2012,53,学硕
理学,A类,总分,2013,290,学硕
理学,A类,单科=100分,2013,39,学硕
理学,A类,单科>100分,2013,59,学硕
理学,B类,总分,2013,280,学硕
理学,B类,单科=100分,2013,36,学硕
理学,B类,单科>100分,2013,54,学硕
理学,A类,总分,2014,285,学硕
理学,A类,单科=100分,2014,38,学硕
理学,A类,单科>100分,2014,57,学硕
理学,B类,总分,2014,275,学硕
理学,B类,单科=100分,2014,35,学硕
理学,B类,单科>100分,2014,53,学硕
理学,A类,总分,2015,275,学硕
理学,A类,单科=100分,2015,36,学硕
理学,A类,单科>100分,2015,54,学硕
理学,B类,总分,2015,265,学硕
理学,B类,单科=100分,2015,33,学硕
理学,B类,单科>100分,2015,50,学硕
理学,A类,总分,2016,285,学硕
理学,A类,单科=100分,2016,39,学硕
理学,A类,单科>100分,2016,59,学硕
理学,B类,总分,2016,275,学硕
理学,B类,单科=100分,2016,36,学硕
理学,B类,单科>100分,2016,54,学硕
理学,A类,总分,2017,290,学硕
理学,A类,单科=100分,2017,39,学硕
理学,A类,单科>100分,2017,59,学硕
理学,B类,总分,2017,280,学硕
理学,B类,单科=100分,2017,36,学硕
理学,B类,单科>100分,2017,54,学硕
理学,A类,总分,2018,280,学硕
理学,A类,单科=100分,2018,38,学硕
理学,A类,单科>100分,2018,57,学硕
理学,B类,总分,2018,270,学硕
理学,B类,单科=100分,2018,35,学硕
理学,B类,单科>100分,2018,53,学硕
理学,A类,总分,2019,290,学硕
理学,A类,单科=100分,2019,41,学硕
理学,A类,单科>100分,2019,62,学硕
理学,B类,总分,2019,280,学硕
理学,B类,单科=100分,2019,38,学硕
理学,B类,单科>100分,2019,57,学硕
理学,A类,总分,2020,288,学硕
理学,A类,单科=100分,2020,40,学硕
理学,A类,单科>100分,2020,60,学硕
理学,B类,总分,2020,278,学硕
理学,B类,单科=100分,2020,37,学硕
理学,B类,单科>100分,2020,56,学硕
工学,A类,总分,2005,290,学硕
工学,A类,单科=100分,2005,44,学硕
工学,A类,单科>100分,2005,66,学硕
工学,B类,总分,2005,285,学硕
工学,B类,单科=100分,2005,42,学硕
工学,B类,单科>100分,2005,63,学硕
工学,A类,总分,2006,305,学硕
工学,A类,单科=100分,2006,45,学硕
工学,A类,单科>100分,2006,68,学硕
工学,B类,总分,2006,300,学硕
工学,B类,单科=100分,2006,43,学硕
工学,B类,单科>100分,2006,65,学硕
工学,A类,总分,2007,290,学硕
工学,A类,单科=100分,2007,41,学硕
工学,A类,单科>100分,2007,62,学硕
工学,B类,总分,2007,285,学硕
工学,B类,单科=100分,2007,39,学硕
工学,B类,单科>100分,2007,59,学硕
工学,A类,总分,2008,300,学硕
工学,A类,单科=100分,2008,44,学硕
工学,A类,单科>100分,2008,66,学硕
工学,B类,总分,2008,290,学硕
工学,B类,单科=100分,2008,40,学硕
工学,B类,单科>100分,2008,60,学硕
工学,A类,总分,2009,275,学硕
工学,A类,单科=100分,2009,37,学硕
工学,A类,单科>100分,2009,56,学硕
工学,B类,总分,2009,265,学硕
工学,B类,单科=100分,2009,34,学硕
工学,B类,单科>100分,2009,51,学硕
工学,A类,总分,2010,275,学硕
工学,A类,单科=100分,2010,36,学硕
工学,A类,单科>100分,2010,54,学硕
工学,B类,总分,2010,265,学硕
工学,B类,单科=100分,2010,33,学硕
工学,B类,单科>100分,2010,50,学硕
工学,A类,总分,2011,300,学硕
工学,A类,单科=100分,2011,40,学硕
工学,A类,单科>100分,2011,60,学硕
工学,B类,总分,2011,290,学硕
工学,B类,单科=100分,2011,38,学硕
工学,B类,单科>100分,2011,57,学硕
工学,A类,总分,2012,290,学硕
工学,A类,单科=100分,2012,38,学硕
工学,A类,单科>100分,2012,57,学硕
工学,B类,总分,2012,280,学硕
工学,B类,单科=100分,2012,35,学硕
工学,B类,单科>100分,2012,53,学硕
工学,A类,总分,2013,295,学硕
工学,A类,单科=100分,2013,40,学硕
工学,A类,单科>100分,2013,60,学硕
工学,B类,总分,2013,285,学硕
工学,B类,单科=100分,2013,37,学硕
工学,B类,单科>100分,2013,56,学硕
工学,A类,总分,2014,285,学硕
工学,A类,单科=100分,2014,38,学硕
工学,A类,单科>100分,2014,57,学硕
工学,B类,总分,2014,275,学硕
工学,B类,单科=100分,2014,35,学硕
工学,B类,单科>100分,2014,53,学硕
工学,A类,总分,2015,280,学硕
工学,A类,单科=100分,2015,38,学硕
工学,A类,单科>100分,2015,57,学硕
工学,B类,总分,2015,270,学硕
工学,B类,单科=100分,2015,35,学硕
工学,B类,单科>100分,2015,53,学硕
工学,A类,总分,2016,265,学硕
工学,A类,单科=100分,2016,36,学硕
工学,A类,单科>100分,2016,54,学硕
工学,B类,总分,2016,255,学硕
工学,B类,单科=100分,2016,33,学硕
工学,B类,单科>100分,2016,50,学硕
工学,A类,总分,2017,265,学硕
工学,A类,单科=100分,2017,35,学硕
工学,A类,单科>100分,2017,53,学硕
工学,B类,总分,2017,255,学硕
工学,B类,单科=100分,2017,32,学硕
工学,B类,单科>100分,2017,48,学硕
工学,A类,总分,2018,260,学硕
工学,A类,单科=100分,2018,34,学硕
工学,A类,单科>100分,2018,51,学硕
工学,B类,总分,2018,250,学硕
工学,B类,单科=100分,2018,31,学硕
工学,B类,单科>100分,2018,47,学硕
工学,A类,总分,2019,270,学硕
工学,A类,单科=100分,2019,39,学硕
工学,A类,单科>100分,2019,59,学硕
工学,B类,总分,2019,260,学硕
工学,B类,单科=100分,2019,36,学硕
工学,B类,单科>100分,2019,54,学硕
工学,A类,总分,2020,264,学硕
工学,A类,单科=100分,2020,37,学硕
工学,A类,单科>100分,2020,56,学硕
工学,B类,总分,2020,254,学硕
工学,B类,单科=100分,2020,34,学硕
工学,B类,单科>100分,2020,51,学硕
农学,A类,总分,2005,280,学硕
农学,A类,单科=100分,2005,40,学硕
农学,A类,单科>100分,2005,60,学硕
农学,B类,总分,2005,275,学硕
农学,B类,单科=100分,2005,38,学硕
农学,B类,单科>100分,2005,57,学硕
农学,A类,总分,2006,280,学硕
农学,A类,单科=100分,2006,39,学硕
农学,A类,单科>100分,2006,59,学硕
农学,B类,总分,2006,275,学硕
农学,B类,单科=100分,2006,37,学硕
农学,B类,单科>100分,2006,56,学硕
农学,A类,总分,2007,285,学硕
农学,A类,单科=100分,2007,40,学硕
农学,A类,单科>100分,2007,60,学硕
农学,B类,总分,2007,280,学硕
农学,B类,单科=100分,2007,38,学硕
农学,B类,单科>100分,2007,57,学硕
农学,A类,总分,2008,275,学硕
农学,A类,单科=100分,2008,39,学硕
农学,A类,单科>100分,2008,59,学硕
农学,B类,总分,2008,265,学硕
农学,B类,单科=100分,2008,35,学硕
农学,B类,单科>100分,2008,53,学硕
农学,A类,总分,2009,260,学硕
农学,A类,单科=100分,2009,32,学硕
农学,A类,单科>100分,2009,48,学硕
农学,B类,总分,2009,255,学硕
农学,B类,单科=100分,2009,31,学硕
农学,B类,单科>100分,2009,47,学硕
农学,A类,总分,2010,260,学硕
农学,A类,单科=100分,2010,32,学硕
农学,A类,单科>100分,2010,48,学硕
农学,B类,总分,2010,250,学硕
农学,B类,单科=100分,2010,31,学硕
农学,B类,单科>100分,2010,47,学硕
农学,A类,总分,2011,260,学硕
农学,A类,单科=100分,2011,35,学硕
农学,A类,单科>100分,2011,53,学硕
农学,B类,总分,2011,250,学硕
农学,B类,单科=100分,2011,33,学硕
农学,B类,单科>100分,2011,50,学硕
农学,A类,总分,2012,255,学硕
农学,A类,单科=100分,2012,33,学硕
农学,A类,单科>100分,2012,50,学硕
农学,B类,总分,2012,245,学硕
农学,B类,单科=100分,2012,30,学硕
农学,B类,单科>100分,2012,45,学硕
农学,A类,总分,2013,255,学硕
农学,A类,单科=100分,2013,33,学硕
农学,A类,单科>100分,2013,50,学硕
农学,B类,总分,2013,245,学硕
农学,B类,单科=100分,2013,30,学硕
农学,B类,单科>100分,2013,45,学硕
农学,A类,总分,2014,255,学硕
农学,A类,单科=100分,2014,34,学硕
农学,A类,单科>100分,2014,51,学硕
农学,B类,总分,2014,245,学硕
农学,B类,单科=100分,2014,31,学硕
农学,B类,单科>100分,2014,47,学硕
农学,A类,总分,2015,255,学硕
农学,A类,单科=100分,2015,34,学硕
农学,A类,单科>100分,2015,51,学硕
农学,B类,总分,2015,245,学硕
农学,B类,单科=100分,2015,31,学硕
农学,B类,单科>100分,2015,47,学硕
农学,A类,总分,2016,255,学硕
农学,A类,单科=100分,2016,34,学硕
农学,A类,单科>100分,2016,51,学硕
农学,B类,总分,2016,245,学硕
农学,B类,单科=100分,2016,31,学硕
农学,B类,单科>100分,2016,47,学硕
农学,A类,总分,2017,255,学硕
农学,A类,单科=100分,2017,34,学硕
农学,A类,单科>100分,2017,51,学硕
农学,B类,总分,2017,245,学硕
农学,B类,单科=100分,2017,31,学硕
农学,B类,单科>100分,2017,47,学硕
农学,A类,总分,2018,255,学硕
农学,A类,单科=100分,2018,34,学硕
农学,A类,单科>100分,2018,51,学硕
农学,B类,总分,2018,245,学硕
农学,B类,单科=100分,2018,31,学硕
农学,B类,单科>100分,2018,47,学硕
农学,A类,总分,2019,255,学硕
农学,A类,单科=100分,2019,34,学硕
农学,A类,单科>100分,2019,51,学硕
农学,B类,总分,2019,245,学硕
农学,B类,单科=100分,2019,31,学硕
农学,B类,单科>100分,2019,47,学硕
农学,A类,总分,2020,253,学硕
农学,A类,单科=100分,2020,33,学硕
农学,A类,单科>100分,2020,50,学硕
农学,B类,总分,2020,243,学硕
农学,B类,单科=100分,2020,30,学硕
农学,B类,单科>100分,2020,45,学硕
医学,A类,总分,2005,315,学硕
医学,A类,单科=100分,2005,49,学硕
医学,A类,单科>100分,2005,74,学硕
医学,B类,总分,2005,310,学硕
医学,B类,单科=100分,2005,47,学硕
医学,B类,单科>100分,2005,71,学硕
医学,A类,总分,2006,310,学硕
医学,A类,单科=100分,2006,48,学硕
医学,A类,单科>100分,2006,72,学硕
医学,B类,总分,2006,305,学硕
医学,B类,单科=100分,2006,46,学硕
医学,B类,单科>100分,2006,69,学硕
医学,A类,总分,2007,295,学硕
医学,A类,单科=100分,2007,44,学硕
医学,A类,单科>100分,2007,132,学硕
医学,B类,总分,2007,290,学硕
医学,B类,单科=100分,2007,42,学硕
医学,B类,单科>100分,2007,126,学硕
医学,A类,总分,2008,295,学硕
医学,A类,单科=100分,2008,44,学硕
医学,A类,单科>100分,2008,132,学硕
医学,B类,总分,2008,285,学硕
医学,B类,单科=100分,2008,40,学硕
医学,B类,单科>100分,2008,120,学硕
医学,A类,总分,2009,285,学硕
医学,A类,单科=100分,2009,39,学硕
医学,A类,单科>100分,2009,117,学硕
医学,B类,总分,2009,275,学硕
医学,B类,单科=100分,2009,36,学硕
医学,B类,单科>100分,2009,108,学硕
医学,A类,总分,2010,280,学硕
医学,A类,单科=100分,2010,37,学硕
医学,A类,单科>100分,2010,111,学硕
医学,B类,总分,2010,270,学硕
医学,B类,单科=100分,2010,34,学硕
医学,B类,单科>100分,2010,102,学硕
医学,A类,总分,2011,300,学硕
医学,A类,单科=100分,2011,40,学硕
医学,A类,单科>100分,2011,120,学硕
医学,B类,总分,2011,290,学硕
医学,B类,单科=100分,2011,38,学硕
医学,B类,单科>100分,2011,114,学硕
医学,A类,总分,2012,295,学硕
医学,A类,单科=100分,2012,38,学硕
医学,A类,单科>100分,2012,114,学硕
医学,B类,总分,2012,285,学硕
医学,B类,单科=100分,2012,35,学硕
医学,B类,单科>100分,2012,105,学硕
医学,A类,总分,2013,290,学硕
医学,A类,单科=100分,2013,38,学硕
医学,A类,单科>100分,2013,114,学硕
医学,B类,总分,2013,280,学硕
医学,B类,单科=100分,2013,35,学硕
医学,B类,单科>100分,2013,105,学硕
医学,A类,总分,2014,285,学硕
医学,A类,单科=100分,2014,38,学硕
医学,A类,单科>100分,2014,114,学硕
医学,B类,总分,2014,275,学硕
医学,B类,单科=100分,2014,35,学硕
医学,B类,单科>100分,2014,105,学硕
医学,A类,总分,2015,285,学硕
医学,A类,单科=100分,2015,39,学硕
医学,A类,单科>100分,2015,117,学硕
医学,B类,总分,2015,275,学硕
医学,B类,单科=100分,2015,36,学硕
医学,B类,单科>100分,2015,108,学硕
医学,A类,总分,2016,295,学硕
医学,A类,单科=100分,2016,41,学硕
医学,A类,单科>100分,2016,123,学硕
医学,B类,总分,2016,285,学硕
医学,B类,单科=100分,2016,38,学硕
医学,B类,单科>100分,2016,114,学硕
医学,A类,总分,2017,295,学硕
医学,A类,单科=100分,2017,40,学硕
医学,A类,单科>100分,2017,120,学硕
医学,B类,总分,2017,285,学硕
医学,B类,单科=100分,2017,37,学硕
医学,B类,单科>100分,2017,111,学硕
医学,A类,总分,2018,300,学硕
医学,A类,单科=100分,2018,40,学硕
医学,A类,单科>100分,2018,120,学硕
医学,B类,总分,2018,290,学硕
医学,B类,单科=100分,2018,37,学硕
医学,B类,单科>100分,2018,111,学硕
医学,A类,总分,2019,305,学硕
医学,A类,单科=100分,2019,43,学硕
医学,A类,单科>100分,2019,129,学硕
医学,B类,总分,2019,295,学硕
医学,B类,单科=100分,2019,40,学硕
医学,B类,单科>100分,2019,120,学硕
医学,A类,总分,2020,300,学硕
医学,A类,单科=100分,2020,42,学硕
医学,A类,单科>100分,2020,126,学硕
医学,B类,总分,2020,290,学硕
医学,B类,单科=100分,2020,39,学硕
医学,B类,单科>100分,2020,117,学硕
军事学,A类,总分,2005,280,学硕
军事学,A类,单科=100分,2005,43,学硕
军事学,A类,单科>100分,2005,65,学硕
军事学,B类,总分,2005,275,学硕
军事学,B类,单科=100分,2005,41,学硕
军事学,B类,单科>100分,2005,62,学硕
军事学,A类,总分,2006,300,学硕
军事学,A类,单科=100分,2006,46,学硕
军事学,A类,单科>100分,2006,69,学硕
军事学,B类,总分,2006,295,学硕
军事学,B类,单科=100分,2006,44,学硕
军事学,B类,单科>100分,2006,66,学硕
军事学,A类,总分,2007,300,学硕
军事学,A类,单科=100分,2007,46,学硕
军事学,A类,单科>100分,2007,69,学硕
军事学,B类,总分,2007,295,学硕
军事学,B类,单科=100分,2007,44,学硕
军事学,B类,单科>100分,2007,66,学硕
军事学,A类,总分,2008,300,学硕
军事学,A类,单科=100分,2008,49,学硕
军事学,A类,单科>100分,2008,74,学硕
军事学,B类,总分,2008,290,学硕
军事学,B类,单科=100分,2008,45,学硕
军事学,B类,单科>100分,2008,68,学硕
军事学,A类,总分,2009,300,学硕
军事学,A类,单科=100分,2009,48,学硕
军事学,A类,单科>100分,2009,72,学硕
军事学,B类,总分,2009,290,学硕
军事学,B类,单科=100分,2009,45,学硕
军事学,B类,单科>100分,2009,68,学硕
军事学,A类,总分,2010,305,学硕
军事学,A类,单科=100分,2010,42,学硕
军事学,A类,单科>100分,2010,63,学硕
军事学,B类,总分,2010,295,学硕
军事学,B类,单科=100分,2010,39,学硕
军事学,B类,单科>100分,2010,59,学硕
军事学,A类,总分,2011,310,学硕
军事学,A类,单科=100分,2011,45,学硕
军事学,A类,单科>100分,2011,68,学硕
军事学,B类,总分,2011,300,学硕
军事学,B类,单科=100分,2011,43,学硕
军事学,B类,单科>100分,2011,65,学硕
军事学,A类,总分,2012,300,学硕
军事学,A类,单科=100分,2012,41,学硕
军事学,A类,单科>100分,2012,62,学硕
军事学,B类,总分,2012,290,学硕
军事学,B类,单科=100分,2012,38,学硕
军事学,B类,单科>100分,2012,57,学硕
军事学,A类,总分,2013,295,学硕
军事学,A类,单科=100分,2013,40,学硕
军事学,A类,单科>100分,2013,60,学硕
军事学,B类,总分,2013,285,学硕
军事学,B类,单科=100分,2013,37,学硕
军事学,B类,单科>100分,2013,56,学硕
军事学,A类,总分,2014,290,学硕
军事学,A类,单科=100分,2014,38,学硕
军事学,A类,单科>100分,2014,57,学硕
军事学,B类,总分,2014,280,学硕
军事学,B类,单科=100分,2014,35,学硕
军事学,B类,单科>100分,2014,53,学硕
军事学,A类,总分,2015,290,学硕
军事学,A类,单科=100分,2015,39,学硕
军事学,A类,单科>100分,2015,59,学硕
军事学,B类,总分,2015,280,学硕
军事学,B类,单科=100分,2015,36,学硕
军事学,B类,单科>100分,2015,54,学硕
军事学,A类,总分,2016,280,学硕
军事学,A类,单科=100分,2016,38,学硕
军事学,A类,单科>100分,2016,57,学硕
军事学,B类,总分,2016,270,学硕
军事学,B类,单科=100分,2016,35,学硕
军事学,B类,单科>100分,2016,53,学硕
军事学,A类,总分,2017,280,学硕
军事学,A类,单科=100分,2017,39,学硕
军事学,A类,单科>100分,2017,59,学硕
军事学,B类,总分,2017,270,学硕
军事学,B类,单科=100分,2017,36,学硕
军事学,B类,单科>100分,2017,54,学硕
军事学,A类,总分,2018,270,学硕
军事学,A类,单科=100分,2018,37,学硕
军事学,A类,单科>100分,2018,56,学硕
军事学,B类,总分,2018,260,学硕
军事学,B类,单科=100分,2018,34,学硕
军事学,B类,单科>100分,2018,51,学硕
军事学,A类,总分,2019,270,学硕
军事学,A类,单科=100分,2019,37,学硕
军事学,A类,单科>100分,2019,56,学硕
军事学,B类,总分,2019,260,学硕
军事学,B类,单科=100分,2019,34,学硕
军事学,B类,单科>100分,2019,51,学硕
军事学,A类,总分,2020,265,学硕
军事学,A类,单科=100分,2020,37,学硕
军事学,A类,单科>100分,2020,56,学硕
军事学,B类,总分,2020,255,学硕
军事学,B类,单科=100分,2020,34,学硕
军事学,B类,单科>100分,2020,51,学硕
管理学,A类,总分,2005,335,学硕
管理学,A类,单科=100分,2005,53,学硕
管理学,A类,单科>100分,2005,80,学硕
管理学,B类,总分,2005,330,学硕
管理学,B类,单科=100分,2005,51,学硕
管理学,B类,单科>100分,2005,77,学硕
管理学,A类,总分,2006,340,学硕
管理学,A类,单科=100分,2006,54,学硕
管理学,A类,单科>100分,2006,81,学硕
管理学,B类,总分,2006,335,学硕
管理学,B类,单科=100分,2006,52,学硕
管理学,B类,单科>100分,2006,78,学硕
管理学,A类,总分,2007,330,学硕
管理学,A类,单科=100分,2007,54,学硕
管理学,A类,单科>100分,2007,81,学硕
管理学,B类,总分,2007,325,学硕
管理学,B类,单科=100分,2007,52,学硕
管理学,B类,单科>100分,2007,78,学硕
管理学,A类,总分,2008,330,学硕
管理学,A类,单科=100分,2008,54,学硕
管理学,A类,单科>100分,2008,81,学硕
管理学,B类,总分,2008,320,学硕
管理学,B类,单科=100分,2008,50,学硕
管理学,B类,单科>100分,2008,75,学硕
管理学,A类,总分,2009,315,学硕
管理学,A类,单科=100分,2009,47,学硕
管理学,A类,单科>100分,2009,71,学硕
管理学,B类,总分,2009,305,学硕
管理学,B类,单科=100分,2009,44,学硕
管理学,B类,单科>100分,2009,66,学硕
管理学,A类,总分,2010,330,学硕
管理学,A类,单科=100分,2010,46,学硕
管理学,A类,单科>100分,2010,69,学硕
管理学,B类,总分,2010,320,学硕
管理学,B类,单科=100分,2010,43,学硕
管理学,B类,单科>100分,2010,65,学硕
管理学,A类,总分,2011,350,学硕
管理学,A类,单科=100分,2011,55,学硕
管理学,A类,单科>100分,2011,83,学硕
管理学,B类,总分,2011,340,学硕
管理学,B类,单科=100分,2011,53,学硕
管理学,B类,单科>100分,2011,80,学硕
管理学,A类,总分,2012,340,学硕
管理学,A类,单科=100分,2012,50,学硕
管理学,A类,单科>100分,2012,75,学硕
管理学,B类,总分,2012,330,学硕
管理学,B类,单科=100分,2012,47,学硕
管理学,B类,单科>100分,2012,71,学硕
管理学,A类,总分,2013,345,学硕
管理学,A类,单科=100分,2013,51,学硕
管理学,A类,单科>100分,2013,77,学硕
管理学,B类,总分,2013,335,学硕
管理学,B类,单科=100分,2013,48,学硕
管理学,B类,单科>100分,2013,72,学硕
管理学,A类,总分,2014,335,学硕
管理学,A类,单科=100分,2014,48,学硕
管理学,A类,单科>100分,2014,72,学硕
管理学,B类,总分,2014,325,学硕
管理学,B类,单科=100分,2014,45,学硕
管理学,B类,单科>100分,2014,68,学硕
管理学,A类,总分,2015,335,学硕
管理学,A类,单科=100分,2015,46,学硕
管理学,A类,单科>100分,2015,69,学硕
管理学,B类,总分,2015,325,学硕
管理学,B类,单科=100分,2015,43,学硕
管理学,B类,单科>100分,2015,65,学硕
管理学,A类,总分,2016,335,学硕
管理学,A类,单科=100分,2016,45,学硕
管理学,A类,单科>100分,2016,68,学硕
管理学,B类,总分,2016,325,学硕
管理学,B类,单科=100分,2016,42,学硕
管理学,B类,单科>100分,2016,63,学硕
管理学,A类,总分,2017,340,学硕
管理学,A类,单科=100分,2017,46,学硕
管理学,A类,单科>100分,2017,69,学硕
管理学,B类,总分,2017,330,学硕
管理学,B类,单科=100分,2017,43,学硕
管理学,B类,单科>100分,2017,65,学硕
管理学,A类,总分,2018,330,学硕
管理学,A类,单科=100分,2018,44,学硕
管理学,A类,单科>100分,2018,66,学硕
管理学,B类,总分,2018,320,学硕
管理学,B类,单科=100分,2018,41,学硕
管理学,B类,单科>100分,2018,62,学硕
管理学,A类,总分,2019,345,学硕
管理学,A类,单科=100分,2019,49,学硕
管理学,A类,单科>100分,2019,74,学硕
管理学,B类,总分,2019,335,学硕
管理学,B类,单科=100分,2019,46,学硕
管理学,B类,单科>100分,2019,69,学硕
管理学,A类,总分,2020,345,学硕
管理学,A类,单科=100分,2020,49,学硕
管理学,A类,单科>100分,2020,74,学硕
管理学,B类,总分,2020,335,学硕
管理学,B类,单科=100分,2020,46,学硕
管理学,B类,单科>100分,2020,69,学硕
艺术学,A类,总分,2005,315,学硕
艺术学,A类,单科=100分,2005,47,学硕
艺术学,A类,单科>100分,2005,71,学硕
艺术学,B类,总分,2005,310,学硕
艺术学,B类,单科=100分,2005,45,学硕
艺术学,B类,单科>100分,2005,68,学硕
艺术学,A类,总分,2006,320,学硕
艺术学,A类,单科=100分,2006,47,学硕
艺术学,A类,单科>100分,2006,71,学硕
艺术学,B类,总分,2006,315,学硕
艺术学,B类,单科=100分,2006,45,学硕
艺术学,B类,单科>100分,2006,68,学硕
艺术学,A类,总分,2007,325,学硕
艺术学,A类,单科=100分,2007,45,学硕
艺术学,A类,单科>100分,2007,68,学硕
艺术学,B类,总分,2007,320,学硕
艺术学,B类,单科=100分,2007,43,学硕
艺术学,B类,单科>100分,2007,65,学硕
艺术学,A类,总分,2008,320,学硕
艺术学,A类,单科=100分,2008,45,学硕
艺术学,A类,单科>100分,2008,68,学硕
艺术学,B类,总分,2008,310,学硕
艺术学,B类,单科=100分,2008,41,学硕
艺术学,B类,单科>100分,2008,62,学硕
艺术学,A类,总分,2009,320,学硕
艺术学,A类,单科=100分,2009,42,学硕
艺术学,A类,单科>100分,2009,63,学硕
艺术学,B类,总分,2009,310,学硕
艺术学,B类,单科=100分,2009,39,学硕
艺术学,B类,单科>100分,2009,59,学硕
艺术学,A类,总分,2010,305,学硕
艺术学,A类,单科=100分,2010,32,学硕
艺术学,A类,单科>100分,2010,48,学硕
艺术学,B类,总分,2010,295,学硕
艺术学,B类,单科=100分,2010,31,学硕
艺术学,B类,单科>100分,2010,47,学硕
艺术学,A类,总分,2011,320,学硕
艺术学,A类,单科=100分,2011,35,学硕
艺术学,A类,单科>100分,2011,53,学硕
艺术学,B类,总分,2011,310,学硕
艺术学,B类,单科=100分,2011,33,学硕
艺术学,B类,单科>100分,2011,50,学硕
艺术学,A类,总分,2012,315,学硕
艺术学,A类,单科=100分,2012,34,学硕
艺术学,A类,单科>100分,2012,51,学硕
艺术学,B类,总分,2012,305,学硕
艺术学,B类,单科=100分,2012,31,学硕
艺术学,B类,单科>100分,2012,47,学硕
艺术学,A类,总分,2013,320,学硕
艺术学,A类,单科=100分,2013,34,学硕
艺术学,A类,单科>100分,2013,51,学硕
艺术学,B类,总分,2013,310,学硕
艺术学,B类,单科=100分,2013,31,学硕
艺术学,B类,单科>100分,2013,47,学硕
艺术学,A类,总分,2014,325,学硕
艺术学,A类,单科=100分,2014,34,学硕
艺术学,A类,单科>100分,2014,51,学硕
艺术学,B类,总分,2014,315,学硕
艺术学,B类,单科=100分,2014,31,学硕
艺术学,B类,单科>100分,2014,47,学硕
艺术学,A类,总分,2015,325,学硕
艺术学,A类,单科=100分,2015,34,学硕
艺术学,A类,单科>100分,2015,51,学硕
艺术学,B类,总分,2015,315,学硕
艺术学,B类,单科=100分,2015,31,学硕
艺术学,B类,单科>100分,2015,47,学硕
艺术学,A类,总分,2016,335,学硕
艺术学,A类,单科=100分,2016,34,学硕
艺术学,A类,单科>100分,2016,51,学硕
艺术学,B类,总分,2016,325,学硕
艺术学,B类,单科=100分,2016,31,学硕
艺术学,B类,单科>100分,2016,47,学硕
艺术学,A类,总分,2017,335,学硕
艺术学,A类,单科=100分,2017,35,学硕
艺术学,A类,单科>100分,2017,53,学硕
艺术学,B类,总分,2017,325,学硕
艺术学,B类,单科=100分,2017,32,学硕
艺术学,B类,单科>100分,2017,48,学硕
艺术学,A类,总分,2018,335,学硕
艺术学,A类,单科=100分,2018,36,学硕
艺术学,A类,单科>100分,2018,54,学硕
艺术学,B类,总分,2018,325,学硕
艺术学,B类,单科=100分,2018,33,学硕
艺术学,B类,单科>100分,2018,50,学硕
艺术学,A类,总分,2019,340,学硕
艺术学,A类,单科=100分,2019,38,学硕
艺术学,A类,单科>100分,2019,57,学硕
艺术学,B类,总分,2019,330,学硕
艺术学,B类,单科=100分,2019,35,学硕
艺术学,B类,单科>100分,2019,53,学硕
艺术学,A类,总分,2020,347,学硕
艺术学,A类,单科=100分,2020,38,学硕
艺术学,A类,单科>100分,2020,57,学硕
艺术学,B类,总分,2020,337,学硕
艺术学,B类,单科=100分,2020,35,学硕
艺术学,B类,单科>100分,2020,53,学硕
体育学,A类,总分,2005,310,学硕
体育学,A类,单科=100分,2005,47,学硕
体育学,A类,单科>100分,2005,71,学硕
体育学,B类,总分,2005,305,学硕
体育学,B类,单科=100分,2005,45,学硕
体育学,B类,单科>100分,2005,68,学硕
体育学,A类,总分,2006,310,学硕
体育学,A类,单科=100分,2006,47,学硕
体育学,A类,单科>100分,2006,71,学硕
体育学,B类,总分,2006,305,学硕
体育学,B类,单科=100分,2006,45,学硕
体育学,B类,单科>100分,2006,68,学硕
体育学,A类,总分,2007,305,学硕
体育学,A类,单科=100分,2007,45,学硕
体育学,A类,单科>100分,2007,135,学硕
体育学,B类,总分,2007,300,学硕
体育学,B类,单科=100分,2007,43,学硕
体育学,B类,单科>100分,2007,129,学硕
体育学,A类,总分,2008,295,学硕
体育学,A类,单科=100分,2008,42,学硕
体育学,A类,单科>100分,2008,126,学硕
体育学,B类,总分,2008,285,学硕
体育学,B类,单科=100分,2008,38,学硕
体育学,B类,单科>100分,2008,114,学硕
体育学,A类,总分,2009,285,学硕
体育学,A类,单科=100分,2009,39,学硕
体育学,A类,单科>100分,2009,117,学硕
体育学,B类,总分,2009,275,学硕
体育学,B类,单科=100分,2009,36,学硕
体育学,B类,单科>100分,2009,108,学硕
体育学,A类,总分,2010,270,学硕
体育学,A类,单科=100分,2010,36,学硕
体育学,A类,单科>100分,2010,108,学硕
体育学,B类,总分,2010,260,学硕
体育学,B类,单科=100分,2010,33,学硕
体育学,B类,单科>100分,2010,99,学硕
体育学,A类,总分,2011,270,学硕
体育学,A类,单科=100分,2011,35,学硕
体育学,A类,单科>100分,2011,105,学硕
体育学,B类,总分,2011,260,学硕
体育学,B类,单科=100分,2011,33,学硕
体育学,B类,单科>100分,2011,99,学硕
体育学,A类,总分,2012,265,学硕
体育学,A类,单科=100分,2012,34,学硕
体育学,A类,单科>100分,2012,102,学硕
体育学,B类,总分,2012,255,学硕
体育学,B类,单科=100分,2012,31,学硕
体育学,B类,单科>100分,2012,93,学硕
体育学,A类,总分,2013,265,学硕
体育学,A类,单科=100分,2013,34,学硕
体育学,A类,单科>100分,2013,102,学硕
体育学,B类,总分,2013,255,学硕
体育学,B类,单科=100分,2013,31,学硕
体育学,B类,单科>100分,2013,93,学硕
体育学,A类,总分,2014,265,学硕
体育学,A类,单科=100分,2014,34,学硕
体育学,A类,单科>100分,2014,102,学硕
体育学,B类,总分,2014,255,学硕
体育学,B类,单科=100分,2014,31,学硕
体育学,B类,单科>100分,2014,93,学硕
体育学,A类,总分,2015,265,学硕
体育学,A类,单科=100分,2015,34,学硕
体育学,A类,单科>100分,2015,102,学硕
体育学,B类,总分,2015,255,学硕
体育学,B类,单科=100分,2015,31,学硕
体育学,B类,单科>100分,2015,93,学硕
体育学,A类,总分,2016,265,学硕
体育学,A类,单科=100分,2016,34,学硕
体育学,A类,单科>100分,2016,102,学硕
体育学,B类,总分,2016,255,学硕
体育学,B类,单科=100分,2016,31,学硕
体育学,B类,单科>100分,2016,93,学硕
体育学,A类,总分,2017,260,学硕
体育学,A类,单科=100分,2017,34,学硕
体育学,A类,单科>100分,2017,102,学硕
体育学,B类,总分,2017,250,学硕
体育学,B类,单科=100分,2017,31,学硕
体育学,B类,单科>100分,2017,93,学硕
体育学,A类,总分,2018,265,学硕
体育学,A类,单科=100分,2018,34,学硕
体育学,A类,单科>100分,2018,102,学硕
体育学,B类,总分,2018,255,学硕
体育学,B类,单科=100分,2018,31,学硕
体育学,B类,单科>100分,2018,93,学硕
体育学,A类,总分,2019,270,学硕
体育学,A类,单科=100分,2019,35,学硕
体育学,A类,单科>100分,2019,105,学硕
体育学,B类,总分,2019,260,学硕
体育学,B类,单科=100分,2019,32,学硕
体育学,B类,单科>100分,2019,96,学硕
体育学,A类,总分,2020,277,学硕
体育学,A类,单科=100分,2020,35,学硕
体育学,A类,单科>100分,2020,105,学硕
体育学,B类,总分,2020,267,学硕
体育学,B类,单科=100分,2020,32,学硕
体育学,B类,单科>100分,2020,96,学硕
工学照顾专业,A类,总分,2005,280,学硕
工学照顾专业,A类,单科=100分,2005,36,学硕
工学照顾专业,A类,单科>100分,2005,54,学硕
工学照顾专业,B类,总分,2005,275,学硕
工学照顾专业,B类,单科=100分,2005,34,学硕
工学照顾专业,B类,单科>100分,2005,51,学硕
工学照顾专业,A类,总分,2006,290,学硕
工学照顾专业,A类,单科=100分,2006,42,学硕
工学照顾专业,A类,单科>100分,2006,63,学硕
工学照顾专业,B类,总分,2006,285,学硕
工学照顾专业,B类,单科=100分,2006,40,学硕
工学照顾专业,B类,单科>100分,2006,60,学硕
工学照顾专业,A类,总分,2007,280,学硕
工学照顾专业,A类,单科=100分,2007,38,学硕
工学照顾专业,A类,单科>100分,2007,57,学硕
工学照顾专业,B类,总分,2007,275,学硕
工学照顾专业,B类,单科=100分,2007,36,学硕
工学照顾专业,B类,单科>100分,2007,54,学硕
工学照顾专业,A类,总分,2008,285,学硕
工学照顾专业,A类,单科=100分,2008,39,学硕
工学照顾专业,A类,单科>100分,2008,59,学硕
工学照顾专业,B类,总分,2008,275,学硕
工学照顾专业,B类,单科=100分,2008,35,学硕
工学照顾专业,B类,单科>100分,2008,53,学硕
工学照顾专业,A类,总分,2009,260,学硕
工学照顾专业,A类,单科=100分,2009,37,学硕
工学照顾专业,A类,单科>100分,2009,56,学硕
工学照顾专业,B类,总分,2009,250,学硕
工学照顾专业,B类,单科=100分,2009,34,学硕
工学照顾专业,B类,单科>100分,2009,51,学硕
工学照顾专业,A类,总分,2010,260,学硕
工学照顾专业,A类,单科=100分,2010,36,学硕
工学照顾专业,A类,单科>100分,2010,54,学硕
工学照顾专业,B类,总分,2010,250,学硕
工学照顾专业,B类,单科=100分,2010,33,学硕
工学照顾专业,B类,单科>100分,2010,50,学硕
工学照顾专业,A类,总分,2011,280,学硕
工学照顾专业,A类,单科=100分,2011,40,学硕
工学照顾专业,A类,单科>100分,2011,60,学硕
工学照顾专业,B类,总分,2011,270,学硕
工学照顾专业,B类,单科=100分,2011,38,学硕
工学照顾专业,B类,单科>100分,2011,57,学硕
工学照顾专业,A类,总分,2012,275,学硕
工学照顾专业,A类,单科=100分,2012,37,学硕
工学照顾专业,A类,单科>100分,2012,56,学硕
工学照顾专业,B类,总分,2012,265,学硕
工学照顾专业,B类,单科=100分,2012,34,学硕
工学照顾专业,B类,单科>100分,2012,51,学硕
工学照顾专业,A类,总分,2013,280,学硕
工学照顾专业,A类,单科=100分,2013,37,学硕
工学照顾专业,A类,单科>100分,2013,56,学硕
工学照顾专业,B类,总分,2013,270,学硕
工学照顾专业,B类,单科=100分,2013,34,学硕
工学照顾专业,B类,单科>100分,2013,51,学硕
工学照顾专业,A类,总分,2014,275,学硕
工学照顾专业,A类,单科=100分,2014,37,学硕
工学照顾专业,A类,单科>100分,2014,56,学硕
工学照顾专业,B类,总分,2014,265,学硕
工学照顾专业,B类,单科=100分,2014,34,学硕
工学照顾专业,B类,单科>100分,2014,51,学硕
工学照顾专业,A类,总分,2015,275,学硕
工学照顾专业,A类,单科=100分,2015,36,学硕
工学照顾专业,A类,单科>100分,2015,54,学硕
工学照顾专业,B类,总分,2015,265,学硕
工学照顾专业,B类,单科=100分,2015,33,学硕
工学照顾专业,B类,单科>100分,2015,50,学硕
工学照顾专业,A类,总分,2016,265,学硕
工学照顾专业,A类,单科=100分,2016,34,学硕
工学照顾专业,A类,单科>100分,2016,51,学硕
工学照顾专业,B类,总分,2016,255,学硕
工学照顾专业,B类,单科=100分,2016,31,学硕
工学照顾专业,B类,单科>100分,2016,47,学硕
工学照顾专业,A类,总分,2017,260,学硕
工学照顾专业,A类,单科=100分,2017,34,学硕
工学照顾专业,A类,单科>100分,2017,51,学硕
工学照顾专业,B类,总分,2017,250,学硕
工学照顾专业,B类,单科=100分,2017,31,学硕
工学照顾专业,B类,单科>100分,2017,47,学硕
工学照顾专业,A类,总分,2018,255,学硕
工学照顾专业,A类,单科=100分,2018,34,学硕
工学照顾专业,A类,单科>100分,2018,51,学硕
工学照顾专业,B类,总分,2018,245,学硕
工学照顾专业,B类,单科=100分,2018,31,学硕
工学照顾专业,B类,单科>100分,2018,47,学硕
工学照顾专业,A类,总分,2019,260,学硕
工学照顾专业,A类,单科=100分,2019,35,学硕
工学照顾专业,A类,单科>100分,2019,53,学硕
工学照顾专业,B类,总分,2019,250,学硕
工学照顾专业,B类,单科=100分,2019,32,学硕
工学照顾专业,B类,单科>100分,2019,48,学硕
工学照顾专业,A类,总分,2020,254,学硕
工学照顾专业,A类,单科=100分,2020,34,学硕
工学照顾专业,A类,单科>100分,2020,51,学硕
工学照顾专业,B类,总分,2020,244,学硕
工学照顾专业,B类,单科=100分,2020,31,学硕
工学照顾专业,B类,单科>100分,2020,47,学硕
中医类照顾专业,A类,总分,2005,300,学硕
中医类照顾专业,A类,单科=100分,2005,46,学硕
中医类照顾专业,A类,单科>100分,2005,69,学硕
中医类照顾专业,B类,总分,2005,295,学硕
中医类照顾专业,B类,单科=100分,2005,44,学硕
中医类照顾专业,B类,单科>100分,2005,66,学硕
中医类照顾专业,A类,总分,2006,300,学硕
中医类照顾专业,A类,单科=100分,2006,46,学硕
中医类照顾专业,A类,单科>100分,2006,69,学硕
中医类照顾专业,B类,总分,2006,295,学硕
中医类照顾专业,B类,单科=100分,2006,44,学硕
中医类照顾专业,B类,单科>100分,2006,66,学硕
中医类照顾专业,A类,总分,2007,285,学硕
中医类照顾专业,A类,单科=100分,2007,43,学硕
中医类照顾专业,A类,单科>100分,2007,129,学硕
中医类照顾专业,B类,总分,2007,280,学硕
中医类照顾专业,B类,单科=100分,2007,41,学硕
中医类照顾专业,B类,单科>100分,2007,123,学硕
中医类照顾专业,A类,总分,2008,275,学硕
中医类照顾专业,A类,单科=100分,2008,39,学硕
中医类照顾专业,A类,单科>100分,2008,117,学硕
中医类照顾专业,B类,总分,2008,265,学硕
中医类照顾专业,B类,单科=100分,2008,35,学硕
中医类照顾专业,B类,单科>100分,2008,105,学硕
中医类照顾专业,A类,总分,2009,275,学硕
中医类照顾专业,A类,单科=100分,2009,37,学硕
中医类照顾专业,A类,单科>100分,2009,111,学硕
中医类照顾专业,B类,总分,2009,265,学硕
中医类照顾专业,B类,单科=100分,2009,34,学硕
中医类照顾专业,B类,单科>100分,2009,102,学硕
中医类照顾专业,A类,总分,2010,260,学硕
中医类照顾专业,A类,单科=100分,2010,36,学硕
中医类照顾专业,A类,单科>100分,2010,108,学硕
中医类照顾专业,B类,总分,2010,250,学硕
中医类照顾专业,B类,单科=100分,2010,33,学硕
中医类照顾专业,B类,单科>100分,2010,99,学硕
中医类照顾专业,A类,总分,2011,270,学硕
中医类照顾专业,A类,单科=100分,2011,35,学硕
中医类照顾专业,A类,单科>100分,2011,105,学硕
中医类照顾专业,B类,总分,2011,260,学硕
中医类照顾专业,B类,单科=100分,2011,33,学硕
中医类照顾专业,B类,单科>100分,2011,99,学硕
中医类照顾专业,A类,总分,2012,265,学硕
中医类照顾专业,A类,单科=100分,2012,34,学硕
中医类照顾专业,A类,单科>100分,2012,102,学硕
中医类照顾专业,B类,总分,2012,255,学硕
中医类照顾专业,B类,单科=100分,2012,31,学硕
中医类照顾专业,B类,单科>100分,2012,93,学硕
中医类照顾专业,A类,总分,2013,275,学硕
中医类照顾专业,A类,单科=100分,2013,36,学硕
中医类照顾专业,A类,单科>100分,2013,108,学硕
中医类照顾专业,B类,总分,2013,265,学硕
中医类照顾专业,B类,单科=100分,2013,33,学硕
中医类照顾专业,B类,单科>100分,2013,99,学硕
中医类照顾专业,A类,总分,2014,280,学硕
中医类照顾专业,A类,单科=100分,2014,37,学硕
中医类照顾专业,A类,单科>100分,2014,111,学硕
中医类照顾专业,B类,总分,2014,270,学硕
中医类照顾专业,B类,单科=100分,2014,34,学硕
中医类照顾专业,B类,单科>100分,2014,102,学硕
中医类照顾专业,A类,总分,2015,285,学硕
中医类照顾专业,A类,单科=100分,2015,38,学硕
中医类照顾专业,A类,单科>100分,2015,114,学硕
中医类照顾专业,B类,总分,2015,275,学硕
中医类照顾专业,B类,单科=100分,2015,35,学硕
中医类照顾专业,B类,单科>100分,2015,105,学硕
中医类照顾专业,A类,总分,2016,295,学硕
中医类照顾专业,A类,单科=100分,2016,40,学硕
中医类照顾专业,A类,单科>100分,2016,120,学硕
中医类照顾专业,B类,总分,2016,285,学硕
中医类照顾专业,B类,单科=100分,2016,37,学硕
中医类照顾专业,B类,单科>100分,2016,111,学硕
中医类照顾专业,A类,总分,2017,295,学硕
中医类照顾专业,A类,单科=100分,2017,39,学硕
中医类照顾专业,A类,单科>100分,2017,117,学硕
中医类照顾专业,B类,总分,2017,285,学硕
中医类照顾专业,B类,单科=100分,2017,36,学硕
中医类照顾专业,B类,单科>100分,2017,108,学硕
中医类照顾专业,A类,总分,2018,300,学硕
中医类照顾专业,A类,单科=100分,2018,39,学硕
中医类照顾专业,A类,单科>100分,2018,117,学硕
中医类照顾专业,B类,总分,2018,290,学硕
中医类照顾专业,B类,单科=100分,2018,36,学硕
中医类照顾专业,B类,单科>100分,2018,108,学硕
中医类照顾专业,A类,总分,2019,305,学硕
中医类照顾专业,A类,单科=100分,2019,42,学硕
中医类照顾专业,A类,单科>100分,2019,126,学硕
中医类照顾专业,B类,总分,2019,295,学硕
中医类照顾专业,B类,单科=100分,2019,39,学硕
中医类照顾专业,B类,单科>100分,2019,117,学硕
中医类照顾专业,A类,总分,2020,300,学硕
中医类照顾专业,A类,单科=100分,2020,41,学硕
中医类照顾专业,A类,单科>100分,2020,123,学硕
中医类照顾专业,B类,总分,2020,290,学硕
中医类照顾专业,B类,单科=100分,2020,38,学硕
中医类照顾专业,B类,单科>100分,2020,114,学硕
享受少数民族照顾政策的考生,A类,总分,2005,265,学硕
享受少数民族照顾政策的考生,A类,单科=100分,2005,30,学硕
享受少数民族照顾政策的考生,A类,单科>100分,2005,45,学硕
享受少数民族照顾政策的考生,B类,总分,2005,265,学硕
享受少数民族照顾政策的考生,B类,单科=100分,2005,30,学硕
享受少数民族照顾政策的考生,B类,单科>100分,2005,45,学硕
享受少数民族照顾政策的考生,A类,总分,2006,270,学硕
享受少数民族照顾政策的考生,A类,单科=100分,2006,35,学硕
享受少数民族照顾政策的考生,A类,单科>100分,2006,53,学硕
享受少数民族照顾政策的考生,B类,总分,2006,270,学硕
享受少数民族照顾政策的考生,B类,单科=100分,2006,35,学硕
享受少数民族照顾政策的考生,B类,单科>100分,2006,53,学硕
享受少数民族照顾政策的考生,A类,总分,2007,270,学硕
享受少数民族照顾政策的考生,A类,单科=100分,2007,33,学硕
享受少数民族照顾政策的考生,A类,单科>100分,2007,50,学硕
享受少数民族照顾政策的考生,B类,总分,2007,270,学硕
享受少数民族照顾政策的考生,B类,单科=100分,2007,33,学硕
享受少数民族照顾政策的考生,B类,单科>100分,2007,50,学硕
享受少数民族照顾政策的考生,A类,总分,2008,260,学硕
享受少数民族照顾政策的考生,A类,单科=100分,2008,33,学硕
享受少数民族照顾政策的考生,A类,单科>100分,2008,50,学硕
享受少数民族照顾政策的考生,B类,总分,2008,260,学硕
享受少数民族照顾政策的考生,B类,单科=100分,2008,33,学硕
享受少数民族照顾政策的考生,B类,单科>100分,2008,50,学硕
享受少数民族照顾政策的考生,A类,总分,2009,240,学硕
享受少数民族照顾政策的考生,A类,单科=100分,2009,31,学硕
享受少数民族照顾政策的考生,A类,单科>100分,2009,47,学硕
享受少数民族照顾政策的考生,B类,总分,2009,240,学硕
享受少数民族照顾政策的考生,B类,单科=100分,2009,31,学硕
享受少数民族照顾政策的考生,B类,单科>100分,2009,47,学硕
享受少数民族照顾政策的考生,A类,总分,2010,240,学硕
享受少数民族照顾政策的考生,A类,单科=100分,2010,30,学硕
享受少数民族照顾政策的考生,A类,单科>100分,2010,45,学硕
享受少数民族照顾政策的考生,B类,总分,2010,240,学硕
享受少数民族照顾政策的考生,B类,单科=100分,2010,30,学硕
享受少数民族照顾政策的考生,B类,单科>100分,2010,45,学硕
享受少数民族照顾政策的考生,A类,总分,2011,240,学硕
享受少数民族照顾政策的考生,A类,单科=100分,2011,30,学硕
享受少数民族照顾政策的考生,A类,单科>100分,2011,45,学硕
享受少数民族照顾政策的考生,B类,总分,2011,240,学硕
享受少数民族照顾政策的考生,B类,单科=100分,2011,30,学硕
享受少数民族照顾政策的考生,B类,单科>100分,2011,45,学硕
享受少数民族照顾政策的考生,A类,总分,2012,240,学硕
享受少数民族照顾政策的考生,A类,单科=100分,2012,30,学硕
享受少数民族照顾政策的考生,A类,单科>100分,2012,45,学硕
享受少数民族照顾政策的考生,B类,总分,2012,240,学硕
享受少数民族照顾政策的考生,B类,单科=100分,2012,30,学硕
享受少数民族照顾政策的考生,B类,单科>100分,2012,45,学硕
享受少数民族照顾政策的考生,A类,总分,2013,245,学硕
享受少数民族照顾政策的考生,A类,单科=100分,2013,30,学硕
享受少数民族照顾政策的考生,A类,单科>100分,2013,45,学硕
享受少数民族照顾政策的考生,B类,总分,2013,245,学硕
享受少数民族照顾政策的考生,B类,单科=100分,2013,30,学硕
享受少数民族照顾政策的考生,B类,单科>100分,2013,45,学硕
享受少数民族照顾政策的考生,A类,总分,2014,245,学硕
享受少数民族照顾政策的考生,A类,单科=100分,2014,30,学硕
享受少数民族照顾政策的考生,A类,单科>100分,2014,45,学硕
享受少数民族照顾政策的考生,B类,总分,2014,245,学硕
享受少数民族照顾政策的考生,B类,单科=100分,2014,30,学硕
享受少数民族照顾政策的考生,B类,单科>100分,2014,45,学硕
享受少数民族照顾政策的考生,A类,总分,2015,245,学硕
享受少数民族照顾政策的考生,A类,单科=100分,2015,30,学硕
享受少数民族照顾政策的考生,A类,单科>100分,2015,45,学硕
享受少数民族照顾政策的考生,B类,总分,2015,245,学硕
享受少数民族照顾政策的考生,B类,单科=100分,2015,30,学硕
享受少数民族照顾政策的考生,B类,单科>100分,2015,45,学硕
享受少数民族照顾政策的考生,A类,总分,2016,245,学硕
享受少数民族照顾政策的考生,A类,单科=100分,2016,30,学硕
享受少数民族照顾政策的考生,A类,单科>100分,2016,45,学硕
享受少数民族照顾政策的考生,B类,总分,2016,245,学硕
享受少数民族照顾政策的考生,B类,单科=100分,2016,30,学硕
享受少数民族照顾政策的考生,B类,单科>100分,2016,45,学硕
享受少数民族照顾政策的考生,A类,总分,2017,245,学硕
享受少数民族照顾政策的考生,A类,单科=100分,2017,30,学硕
享受少数民族照顾政策的考生,A类,单科>100分,2017,45,学硕
享受少数民族照顾政策的考生,B类,总分,2017,245,学硕
享受少数民族照顾政策的考生,B类,单科=100分,2017,30,学硕
享受少数民族照顾政策的考生,B类,单科>100分,2017,45,学硕
享受少数民族照顾政策的考生,A类,总分,2018,245,学硕
享受少数民族照顾政策的考生,A类,单科=100分,2018,30,学硕
享受少数民族照顾政策的考生,A类,单科>100分,2018,45,学硕
享受少数民族照顾政策的考生,B类,总分,2018,245,学硕
享受少数民族照顾政策的考生,B类,单科=100分,2018,30,学硕
享受少数民族照顾政策的考生,B类,单科>100分,2018,45,学硕
享受少数民族照顾政策的考生,A类,总分,2019,248,学硕
享受少数民族照顾政策的考生,A类,单科=100分,2019,30,学硕
享受少数民族照顾政策的考生,A类,单科>100分,2019,45,学硕
享受少数民族照顾政策的考生,B类,总分,2019,248,学硕
享受少数民族照顾政策的考生,B类,单科=100分,2019,30,学硕
享受少数民族照顾政策的考生,B类,单科>100分,2019,45,学硕
享受少数民族照顾政策的考生,A类,总分,2020,248,学硕
享受少数民族照顾政策的考生,A类,单科=100分,2020,30,学硕
享受少数民族照顾政策的考生,A类,单科>100分,2020,45,学硕
享受少数民族照顾政策的考生,B类,总分,2020,248,学硕
享受少数民族照顾政策的考生,B类,单科=100分,2020,30,学硕
享受少数民族照顾政策的考生,B类,单科>100分,2020,45,学硕
